deconvolved_not deconvolved, m0_value,m1_value,posangle_value,longitude_error,latidude_error,flux_value,flux_error,peak_value,peak_error
deconvolved , 2.739575219602893 , -0.766260559298339 , 152.39764087943604 , 0.004515336336706376 , 0.006972471464115019 , 0.0004388802640490418 , 7.538284679325786e-05 , 0.0001942873751782167 , 2.649859129220069e-05
Fit could not converge,0,0,0,0,0,0,0,0,0
deconvolved , 2.739567761121054 , -0.76625457179843 , 139.03656989172097 , 0.014047537044972983 , 0.016088764493365753 , 0.0005530700900694208 , 0.00011876182722354086 , 0.0006645492852341289 , 0.0001157738746549347
deconvolved , 2.7395330029436735 , -0.7662689081406951 , 27.565739645744024 , 0.0009167222730070519 , 0.0009593989891638411 , 0.0003571606863435373 , 2.371665337271887e-05 , 0.0009800789465695776 , 4.1536288659966444e-05
deconvolved , 2.7395258010452936 , -0.7662705190577468 , 100.520789249539 , 0.008557232760632394 , 0.0032010018157996307 , 0.0007101981090592279 , 8.948449525489746e-05 , 0.0001610375109410745 , 1.7444293415792877e-05
Fit could not converge,0,0,0,0,0,0,0,0,0
not deconvolved , 2.7395626539850078 , -0.7662817339934551 , 20.915167504956006 , 0.0033845424899727446 , 0.0060790688975391445 , 9.299882746888587e-05 , 2.7247607220366333e-05 , 6.563040913846073e-05 , 1.2099417088262322e-05
deconvolved , 2.7395294495763878 , -0.7662671847827942 , 167.94943143080624 , 0.006172379811831339 , 0.009517163975107532 , 0.0007322659974468711 , 0.00011507741940731488 , 0.00010363246535221557 , 1.4589652452624372e-05
deconvolved , 2.739528361172263 , -0.7662673203936068 , 149.57751230632618 , 0.00427017462523547 , 0.005899552796495233 , 0.0004678475575491404 , 5.808565776106816e-05 , 0.00011951481332895226 , 1.2549841960083272e-05
deconvolved , 2.7395657096861665 , -0.7662931976447369 , 169.90244753355924 , 0.0015575822919890005 , 0.0022370034948969247 , 0.0003363506978096033 , 4.4147640516057364e-05 , 0.0012396805844392214 , 0.0001034667860791976
deconvolved , 2.739528424117567 , -0.766292557068626 , 65.12646431753176 , 0.0031200241121654487 , 0.002212207846379154 , 0.0024188277726501016 , 0.00022009554815118678 , 0.001041706878755665 , 7.514345623760485e-05
deconvolved , 2.7395207161256416 , -0.7662931812974939 , 115.08380716993447 , 0.006298628651564412 , 0.0043623615165938176 , 0.0004303696904752009 , 8.462932462176525e-05 , 0.00022848723217917837 , 3.4637515910807036e-05
deconvolved , 2.7395749974457155 , -0.7662603551236262 , 37.10565266535061 , 0.007523848597520506 , 0.00879676431446797 , 0.00037489263536780214 , 0.0001358392130129345 , 0.0003643940167167319 , 9.515974689612304e-05
deconvolved , 2.7395312989045615 , -0.7662588818698168 , 123.95032320755578 , 0.0018873446461685232 , 0.0015897132810737955 , 0.0002771586268850582 , 3.185213487380053e-05 , 0.0008423378279567971 , 6.198217847561955e-05
deconvolved , 2.739537459196923 , -0.7662701131888697 , 11.863732620160896 , 0.002215011150826514 , 0.0034828393895114896 , 0.0004362250511917614 , 6.329209372595323e-05 , 0.00047490863684693675 , 4.8673590991217044e-05
deconvolved , 2.7394989979911104 , -0.7662824138235512 , 16.511161468318512 , 0.00421285679080801 , 0.005019700648687694 , 0.00036465517029412106 , 7.142925968477168e-05 , 0.00021843304166184897 , 3.239008271891465e-05
deconvolved , 2.739527185882999 , -0.7662925979894704 , 15.882663187044216 , 0.0015708540861040857 , 0.0023965754015503205 , 0.0002966332139458336 , 3.081146175684665e-05 , 0.00035887167855912054 , 2.6044811757416748e-05
deconvolved , 2.739530379714888 , -0.766264619196914 , 7.380621735921283 , 0.00111341468292222 , 0.0023384069711728955 , 0.00035579969018425595 , 3.5456313305138974e-05 , 0.0014039018352282736 , 9.269665709995149e-05
deconvolved , 2.7395326414631938 , -0.7662665385539119 , 28.762956823345725 , 0.002044918688022487 , 0.0024397314772980788 , 0.0006669562412026065 , 7.4621846207964e-05 , 0.0006341103540646216 , 5.072091573204941e-05
deconvolved , 2.7395374556857086 , -0.7662689460510957 , 131.27356554196908 , 0.0012798462402013376 , 0.001237449075630759 , 0.00022730880496495866 , 2.137708826665207e-05 , 0.0008061796888027468 , 4.737813397511685e-05
deconvolved , 2.739531247129737 , -0.7662701284002668 , 37.663213576948976 , 0.001918109487225638 , 0.0019909578142413833 , 0.0003060529879172562 , 3.2721384115568346e-05 , 0.00034795772128263684 , 2.5953304244250612e-05
deconvolved , 2.7395259074388836 , -0.7662682748734346 , 60.680166737861065 , 0.002314913296701704 , 0.0018022390186303537 , 0.0004136477533405198 , 3.56036664621852e-05 , 0.0002724743755495555 , 1.7586327094122615e-05
deconvolved , 2.7395314158286594 , -0.7662672669253731 , 36.64240464890161 , 0.0008902199423184931 , 0.0009474630020183098 , 0.00022784077084370445 , 1.3899563489765033e-05 , 0.0005484845127841233 , 2.1727574316667442e-05
deconvolved , 2.739520986671999 , -0.7662690738611145 , 101.87951610486459 , 0.001776384717179507 , 0.0010745571704747123 , 0.0002741055605134542 , 2.4631426404499947e-05 , 0.0007358848080404612 , 4.302802289289558e-05
deconvolved , 2.7395202735587714 , -0.7662928397095708 , 141.0002458091317 , 0.002845529665502107 , 0.003313664626871021 , 0.00036976958934504357 , 3.8494698816132844e-05 , 0.00026123465791210744 , 2.0460723474620555e-05
not deconvolved , 2.7395264196975964 , -0.7662706864980473 , 31.355412468317617 , 0.0010976946149482123 , 0.0014084273833645244 , 0.00020108955397825514 , 1.7468520235969158e-05 , 0.00015420640657235878 , 8.319641172024426e-06
deconvolved , 2.7395256326586237 , -0.7662689563944262 , 149.0484383103213 , 0.002688228710440279 , 0.0038401982288823236 , 0.0003911373256750833 , 4.269324896029319e-05 , 0.00024090443080656141 , 2.007548737171345e-05